{"cameraMode":{"drawMode":0,"name":"Shaded","section":"Shading Mode"},"sceneLighting":true,"audioPlay":false,"sceneViewState":{"m_AlwaysRefresh":false,"showFog":true,"showSkybox":true,"showFlares":true,"showImageEffects":true,"showParticleSystems":true,"showVisualEffectGraphs":true,"m_FxEnabled":true},"in2DMode":false,"pivot":{"x":7.521553993225098,"y":0.6848304867744446,"z":-19.115903854370118},"rotation":{"x":-0.00035959426895715296,"y":-0.988545298576355,"z":0.15123547613620759,"w":-0.003005115780979395},"size":4.315157413482666,"orthographic":false}