{"cameraMode":{"drawMode":0,"name":"Shaded","section":"Shading Mode"},"sceneLighting":true,"audioPlay":false,"sceneViewState":{"m_AlwaysRefresh":false,"showFog":true,"showSkybox":true,"showFlares":true,"showImageEffects":true,"showParticleSystems":true,"showVisualEffectGraphs":true,"m_FxEnabled":true},"in2DMode":false,"pivot":{"x":9.463409423828125,"y":0.3843958377838135,"z":-13.994301795959473},"rotation":{"x":0.22710710763931275,"y":0.5330410599708557,"z":-0.15126745402812959,"w":0.8011796474456787},"size":2.7247447967529299,"orthographic":false}