{"cameraMode":{"drawMode":0,"name":"Shaded","section":"Shading Mode"},"sceneLighting":true,"audioPlay":false,"sceneViewState":{"m_AlwaysRefresh":false,"showFog":true,"showSkybox":true,"showFlares":true,"showImageEffects":true,"showParticleSystems":true,"showVisualEffectGraphs":true,"m_FxEnabled":true},"in2DMode":false,"pivot":{"x":-100.91036987304688,"y":172.2468719482422,"z":-168.45318603515626},"rotation":{"x":0.34292328357696535,"y":0.26974445581436159,"z":-0.10361514240503311,"w":0.8940101861953735},"size":18.560184478759767,"orthographic":true}