{"cameraMode":{"drawMode":0,"name":"Shaded","section":"Shading Mode"},"sceneLighting":true,"audioPlay":false,"sceneViewState":{"m_AlwaysRefresh":false,"showFog":true,"showSkybox":true,"showFlares":true,"showImageEffects":true,"showParticleSystems":true,"showVisualEffectGraphs":true,"m_FxEnabled":true},"in2DMode":false,"pivot":{"x":755.9260864257813,"y":424.6451721191406,"z":-345.7476501464844},"rotation":{"x":-0.1654699295759201,"y":-0.0009348492021672428,"z":0.00021957751596346498,"w":0.9864799976348877},"size":331.4615783691406,"orthographic":false}